employeeID,CountryOfBirth,name,phone,email,gender,birthdate,hiredate,department,role,salary,SSID,age,age_group
859435175,India,Qadim Baral,+1-653-560-7787x0203,brandon63@example.com,male,2003-02-23,2023-07-20,Sales,Sales Representative,85171,103-70-3999,22,20-29
162725352,USA,Megan Evans,(910)568-4829x384,qgarrison@example.net,female,2004-05-13,2025-04-04,Engineering,Senior Software Engineer,173327,839-61-2825,21,20-29
979315574,USA,Hayley White,001-413-533-3856x893,jessenelson@example.net,female,1984-09-27,2012-11-20,Operations,Senior Operations Manager,106139,581-19-6150,41,40-49
914906726,India,Vansha Som,829-572-1576x32059,lindseydonna@example.org,female,1976-01-05,2025-05-06,Engineering,Senior Software Engineer,178771,566-19-5596,49,40-49
932701695,India,Gaurang Parmer,+1-466-668-8869x063,marygarcia@example.net,male,1974-11-15,2018-09-06,Operations,Operations Analyst,69275,580-69-8741,51,50-59
356979659,USA,Lisa Wang,+1-467-722-0916,howardclark@example.org,female,1964-10-22,2014-03-19,Operations,Operations Manager,101077,020-38-2191,61,60+
574637858,USA,Amanda Robinson,(225)806-7004,adrianmitchell@example.com,female,1996-03-21,2020-11-14,Marketing,Senior Marketing Manager,103382,165-57-7529,29,20-29
512560249,USA,Dawn Walsh,001-382-886-7472x08942,lovekristina@example.org,female,1989-09-15,2016-03-02,Finance,Finance Manager,116862,846-54-4713,36,30-39
320994787,USA,Melissa Schwartz,519.459.4310x271,wgarcia@example.org,female,1994-07-29,2018-11-19,Marketing,Marketing Manager,78543,735-60-1952,31,30-39
183087679,India,Hiral Madan,+1-349-655-2940x933,chavezvictoria@example.com,female,1996-10-02,2019-10-18,Operations,Operations Analyst,76195,316-04-7058,29,20-29
244193987,USA,Jill Watkins,001-608-950-4023,justin78@example.net,female,1974-09-30,2024-09-23,Sales,Sales Representative,77332,213-34-1697,51,50-59
944102411,USA,Charles Reed,614-454-2343,jennifersims@example.org,male,1976-12-19,2013-07-28,Human Resources,HR Manager,76935,796-10-6780,49,40-49
371200090,India,Kala Zachariah,340.733.7686,johnsharp@example.org,female,2002-05-14,2024-07-11,Engineering,VP Engineering,294813,085-97-2799,23,20-29
240346956,India,Darpan Parmer,244-971-9478,beckerjamie@example.com,male,1983-06-05,2013-01-07,Finance,Financial Analyst,72758,571-83-3715,42,40-49
300131434,Taiwan,宗霖 黃,(487)974-5140,kennethsmith@example.net,male,1997-05-07,2020-05-24,Engineering,Senior Software Engineer,161974,119-66-7757,28,20-29
820160169,India,Manthan Deshmukh,+1-398-822-5257,ryan46@example.com,male,1999-09-14,2020-04-06,Operations,Operations Manager,112078,339-87-0953,26,20-29
335540097,India,Udant Bhattacharyya,+1-602-478-8111x987,mary68@example.com,male,1977-10-30,2016-05-06,Customer Support,Senior Support Representative,63460,365-17-6128,48,40-49
748850893,India,Xiti Badami,(750)933-1530x15305,qlawson@example.net,female,1979-04-05,2021-01-20,Sales,Senior Sales Representative,86825,059-19-2515,46,40-49
158011705,India,Imaran Sachar,+1-213-755-0427,ksandoval@example.com,male,1969-10-06,2015-10-02,Finance,Financial Analyst,86130,765-96-5688,56,50-59
223075021,China,金凤 杨,+1-232-463-4815x8773,jonathan47@example.com,female,1985-04-06,2017-10-01,Sales,Sales Manager,121885,107-85-9816,40,40-49
547581039,USA,Brenda Stevens,455-366-0515x01004,jessicahill@example.net,female,1973-06-17,2016-05-25,Engineering,Principal Engineer,202894,834-87-5133,52,50-59
244096091,India,Max Dar,905.917.6868,angela30@example.org,male,1976-07-11,2015-05-11,Engineering,Software Engineer,123044,272-16-2042,49,40-49
803808754,USA,Kathryn Nguyen,+1-894-407-7610x03503,krystal78@example.com,female,1977-05-01,2023-02-27,Finance,Financial Analyst,72685,499-61-4380,48,40-49
804623475,USA,Amy Jones,313-490-4301,howardkimberly@example.com,female,2003-04-17,2023-09-14,Sales,Sales Representative,70357,220-58-0211,22,20-29
194970622,USA,Katherine Boyd,454-353-1221,vanessa50@example.org,female,1975-09-25,2023-04-20,Finance,Financial Analyst,65216,302-29-9367,50,50-59
279245771,India,Nirja Tank,8566484662,griffinjeffrey@example.org,female,1979-08-03,2019-03-03,Engineering,Engineering Manager,144785,451-19-8979,46,40-49
806957378,India,Wridesh Rajagopal,001-315-985-3939x79792,briannalin@example.org,male,1984-10-06,2013-08-15,Engineering,Software Engineer,109768,012-12-4258,41,40-49
583127884,USA,Natalie Ochoa,474.675.7042x5912,crosbybenjamin@example.org,female,1982-03-03,2021-02-17,Engineering,Senior Software Engineer,160882,237-95-8985,43,40-49
869239841,Philippines,Cory Hall,833.692.1687x61706,shane68@example.org,male,1964-07-19,2017-01-04,Engineering,Software Engineer,133256,594-73-8509,61,60+
842800803,India,Nathan Joshi,344.536.1719,nicholasmoyer@example.com,male,1984-10-06,2011-01-22,Engineering,VP Engineering,231890,052-94-2605,41,40-49
374081636,USA,Fernando Jackson,6484774291,heaton@example.org,male,1983-06-15,2022-11-16,Engineering,Senior Software Engineer,170545,416-44-4539,42,40-49
508807900,India,Eesha Gokhale,(675)288-0970,clarkmark@example.org,female,1969-02-07,2010-08-10,Sales,Sales Representative,71108,199-65-4358,56,50-59
916440738,USA,Joseph Ewing,216-435-1810,ellisandrew@example.com,male,1977-02-14,2021-04-07,Human Resources,Senior HR Manager,101586,443-51-5668,48,40-49
806535237,USA,Anthony Carrillo,+1-258-558-8992,katielewis@example.com,male,1998-06-16,2018-06-26,Sales,Sales Representative,88761,319-48-1013,27,20-29
564876172,USA,James Pham,001-748-974-3308x6217,btorres@example.com,male,1976-05-04,2013-02-08,Marketing,Marketing Specialist,66059,767-98-9714,49,40-49
368402236,India,Diya Rao,7602328062,matthew93@example.org,female,1985-04-21,2010-10-11,Engineering,Senior Software Engineer,125497,522-21-2255,40,40-49
648472597,India,Warda Bhardwaj,(799)812-5421,tamara85@example.org,female,1985-04-18,2012-03-14,Engineering,Software Engineer,107335,452-45-7544,40,40-49
520861681,USA,Kaylee Aguirre,483.547.7722,melaniehale@example.org,female,1995-09-19,2018-07-05,Customer Support,Support Representative,42225,544-81-1880,30,30-39
879201690,China,帆 叶,226.705.0052x9287,jay58@example.com,male,1962-01-22,2019-01-04,Marketing,Marketing Specialist,66660,797-61-0377,63,60+
298583968,USA,Brandon Rodriguez,246.527.5962,farellano@example.net,male,1968-10-05,2022-11-25,Customer Support,Support Manager,90882,708-02-8157,57,50-59
771112648,China,凯 张,359.258.0467x512,richard85@example.net,male,1985-07-23,2023-09-13,Customer Support,Support Representative,47922,362-96-4873,40,40-49
341041227,India,Om Vohra,595.941.4807,kimberlyramos@example.org,male,1978-03-07,2010-09-18,Customer Support,Support Representative,38679,251-01-6707,47,40-49
866162966,USA,Angel Powell,(507)898-2437x026,lopezblake@example.org,female,1981-11-12,2020-02-08,Legal,Legal Assistant,64362,043-59-1585,44,40-49
874755886,Philippines,Robert Rogers,001-431-944-6223x113,iwalsh@example.net,male,1990-12-02,2011-09-26,Finance,Finance Manager,119660,245-54-1628,35,30-39
942629710,India,Abhimanyu Mannan,+1-904-500-9299,williamchandler@example.com,male,1980-10-29,2019-06-07,Operations,Operations Director,146964,304-96-6218,45,40-49
448574326,USA,Stacy Burgess,899-441-2426x4396,christopherlee@example.net,female,1966-02-24,2017-08-20,Operations,Operations Manager,83752,661-98-4056,59,50-59
168805869,India,Sanaya Kamdar,7675569589,longadriana@example.org,female,1983-08-10,2024-07-06,Engineering,Principal Engineer,177241,542-05-2327,42,40-49
694053774,USA,Gregory Crawford,963.600.5293x429,myersphillip@example.net,male,1980-01-25,2012-05-06,Finance,Financial Analyst,67081,580-14-5757,45,40-49
513442871,Philippines,Jeff Lee,+1-211-907-3190x515,duffynicholas@example.net,male,2000-06-03,2020-08-29,Engineering,Software Engineer,97541,779-59-2554,25,20-29
248033880,India,Jagrati Vyas,781-901-6658x2956,markmorrow@example.org,female,1988-01-18,2017-08-24,Legal,Corporate Counsel,167670,699-41-4691,37,30-39
267765490,USA,Robin Ortiz,568-619-5886,mindy35@example.org,female,1971-07-16,2016-10-13,Customer Support,Support Director,138191,592-51-5102,54,50-59
396507730,USA,Javier Gardner,(870)713-3385,sarah40@example.com,male,1984-03-18,2013-05-01,Sales,Sales Representative,77009,308-31-4239,41,40-49
557756757,China,兰英 朱,(335)781-9833x264,leemary@example.net,female,1983-08-24,2021-12-03,Marketing,Marketing Manager,101492,742-61-8760,42,40-49
606120516,China,秀芳 邢,6407627260,lanemary@example.com,female,1962-10-20,2018-08-23,Finance,Senior Financial Analyst,81038,469-83-9748,63,60+
118950252,USA,Mark Wilson,485-598-6983x29695,teresawilliams@example.org,male,1980-10-04,2015-07-24,Human Resources,HR Manager,99419,112-17-6832,45,40-49
200248486,USA,Brandi Powell,810.430.7360x583,cory82@example.org,female,1978-11-12,2013-02-14,Engineering,VP Engineering,211867,057-06-2827,47,40-49
319497661,USA,Nancy Vega,776-785-2505,jonesnicholas@example.net,female,1988-01-15,2011-04-08,Engineering,Software Engineer,109753,148-81-5778,37,30-39
183686071,India,Ekapad Sankaran,001-223-641-7095,xsmith@example.net,male,1965-10-24,2021-02-02,Engineering,Software Engineer,98696,279-47-6114,60,60+
654724287,USA,Tony Velasquez,215-343-3389x003,jameswalker@example.org,male,1985-01-23,2021-09-17,Engineering,Principal Engineer,172521,378-94-5852,40,40-49
750232313,South Korea,은지 고,665.628.2139,kathleen72@example.net,female,1995-09-28,2024-07-03,Human Resources,HR Manager,83038,738-81-7315,30,30-39
320317979,USA,Sarah Bowers,(866)327-0165,marissa28@example.net,female,1963-06-02,2014-03-02,Engineering,Engineering Manager,187485,029-93-1994,62,60+
501461715,India,Jagvi Sampath,247-692-8913,msilva@example.org,female,1970-10-14,2015-09-13,Marketing,Senior Marketing Manager,106967,412-59-2238,55,50-59
416681193,USA,Mary Taylor,(664)613-3870x20185,staceyallen@example.com,female,1970-07-21,2020-05-05,Engineering,Principal Engineer,176997,271-20-0707,55,50-59
688574163,India,Om Salvi,(284)695-6606x41009,james37@example.org,male,1960-11-02,2013-12-07,Customer Support,Support Manager,78080,023-27-3409,65,60+
290509600,USA,Dwayne Love,001-523-668-8983x083,elizabethodom@example.org,male,1967-10-26,2025-01-14,Legal,Senior Counsel,179760,703-42-6624,58,50-59
700600523,China,丽娟 宫,(251)810-1660,garydavidson@example.net,nonbinary,1982-09-29,2019-01-25,Legal,Senior Counsel,181161,708-05-7992,43,40-49
818608005,USA,Francisco Watson,001-514-681-3333x0316,xwhite@example.com,male,1991-06-27,2015-08-01,Sales,Sales Representative,66251,191-40-8224,34,30-39
367043613,USA,Terri Martin,875-383-4684,vcastillo@example.net,female,1970-04-13,2013-05-11,Legal,Corporate Counsel,130893,333-38-8332,55,50-59
206323670,USA,Wendy Reed,672.835.9977x606,seanedwards@example.net,female,1981-11-13,2018-04-11,Engineering,VP Engineering,264139,504-85-8096,44,40-49
446607854,India,Tanveer Kapoor,988-412-7999x513,josephgarcia@example.org,male,1969-09-23,2011-12-18,Finance,Financial Analyst,65555,560-26-2449,56,50-59
509408129,USA,Amber Flowers,001-935-408-2915x578,dbailey@example.com,female,2000-07-18,2022-08-25,Marketing,Marketing Specialist,70313,566-44-1507,25,20-29
512351122,USA,Wendy Thompson,(209)452-5965x781,ramosrobin@example.com,female,1977-03-18,2013-06-12,Marketing,Senior Marketing Manager,123038,433-63-9770,48,40-49
171069472,USA,Brenda Kelly,348-615-0035x23352,lisa97@example.com,female,1989-07-03,2020-10-25,Legal,Corporate Counsel,143826,330-18-6959,36,30-39
603256458,USA,Carolyn Cooper,653-376-3516,amystewart@example.com,female,1980-12-20,2010-04-16,Finance,Finance Manager,138958,363-61-8497,45,40-49
505989253,USA,Darren Arnold,204.780.9769x15241,glopez@example.com,male,1996-10-26,2019-05-04,Sales,Sales Director,184141,037-72-0370,29,20-29
765956951,USA,Joseph Kim,440-392-4732,eyoung@example.org,male,1978-06-09,2025-02-21,Marketing,Marketing Specialist,77921,546-53-0465,47,40-49
940323966,China,伟 王,2556276091,johncarter@example.net,male,1966-08-27,2021-11-24,Engineering,Principal Engineer,207790,609-80-4950,59,50-59
587096273,India,Unnati Chandra,(808)600-6985x170,bakerdaniel@example.net,female,1989-10-29,2023-11-25,Marketing,Marketing Manager,99314,363-93-8272,36,30-39
304536802,USA,Robert Castillo,001-625-607-6043x755,yolanda63@example.org,nonbinary,1978-11-07,2023-11-19,Engineering,Engineering Manager,161019,800-47-0212,47,40-49
498320110,USA,Amy Brown,294.203.4423,michael15@example.com,female,1980-10-21,2023-10-14,Legal,Corporate Counsel,154380,329-32-3556,45,40-49
220026868,Canada,John Lee,(738)404-0640,jhuffman@example.com,male,1994-09-07,2017-04-13,Customer Support,Support Representative,43536,761-05-4837,31,30-39
998954542,Canada,Ryan Vaughn,744-638-7493x0012,tammy48@example.net,male,1976-11-24,2011-11-22,Operations,Senior Operations Manager,119346,828-85-2199,49,40-49
734399876,India,Ganga Mittal,433-345-1910,richarddavis@example.com,female,1979-10-11,2016-12-16,Operations,VP Operations,229840,226-60-1505,46,40-49
265744099,India,Chasmum Desai,7692101733,jessetanner@example.net,female,1985-11-03,2019-02-05,Engineering,VP Engineering,209807,290-50-3614,40,40-49
272591127,USA,Sarah Lara,+1-559-594-1581x57295,burnsstephanie@example.com,female,1994-01-24,2021-11-08,Engineering,VP Engineering,251000,570-52-8205,31,30-39
542124908,China,晨 吕,(687)995-6767x73267,tiffany08@example.com,male,1998-11-29,2024-06-04,Marketing,Senior Marketing Manager,107945,786-73-1096,27,20-29
283641115,USA,Ryan Floyd,9113425122,singhchristina@example.org,male,1975-06-05,2021-12-31,Engineering,Principal Engineer,211493,645-15-9796,50,50-59
233811016,China,淑兰 梅,485.392.8005x2577,johnsonraymond@example.org,female,1969-08-13,2015-05-30,Engineering,Senior Software Engineer,154830,411-40-3326,56,50-59
834389102,USA,Julie Bryant,001-476-995-7173x047,joe95@example.com,female,1989-12-18,2022-10-02,Legal,Corporate Counsel,158242,833-87-0945,36,30-39
216003492,India,Mohammed Tella,361-931-3347,christopher14@example.com,male,1998-10-19,2025-01-16,Finance,Senior Financial Analyst,88007,823-97-1674,27,20-29
925884151,USA,Susan Watson,544-459-8207x85420,nortonandrew@example.net,female,1982-12-25,2016-10-10,Sales,Senior Sales Representative,106832,447-27-1865,43,40-49
565436656,India,Mahika Master,+1-887-799-4508x60210,higginsstephanie@example.net,female,1982-08-02,2017-01-31,Sales,Senior Sales Representative,109239,810-54-7753,43,40-49
211734883,USA,Patricia Hernandez,(517)690-3929,thompsondonna@example.org,female,1986-10-26,2011-05-12,Engineering,Software Engineer,92333,375-56-4465,39,30-39
574506277,India,Yadavi Ramachandran,382-502-2945x4323,willisjimmy@example.net,female,1988-11-16,2015-04-30,Operations,Operations Analyst,61795,604-93-7394,37,30-39
990389081,India,Yashoda Doshi,+1-440-569-6897x27421,vasquezvirginia@example.net,female,2003-02-10,2024-10-11,Engineering,Engineering Manager,180732,818-98-2547,22,20-29
219000878,Philippines,Denise Lucas,475-254-8322,jennifer19@example.net,female,1962-08-06,2019-01-25,Sales,Sales Representative,70343,520-64-8730,63,60+
238616374,India,Kashvi Chawla,2734617569,louis90@example.org,female,1988-11-30,2011-01-18,Legal,Legal Assistant,60678,329-34-8156,37,30-39
545768567,India,Triveni Vyas,352.242.9233x4642,jessicapayne@example.com,female,1984-06-25,2025-05-26,Marketing,Marketing Manager,86013,112-61-4313,41,40-49
477040284,China,波 孙,(307)689-5607x57850,valdezdeanna@example.net,male,1984-08-04,2012-10-23,Engineering,Software Engineer,132040,149-67-7080,41,40-49
191927283,USA,Gregory Martinez,545.741.2568x40293,michele48@example.com,male,1983-12-31,2013-07-16,Marketing,Marketing Specialist,72153,011-87-0060,42,40-49
847704681,USA,Carrie Greene,690.466.6656,christopher17@example.net,female,1981-04-30,2017-12-20,Sales,Sales Representative,85164,276-33-7271,44,40-49
175761121,Philippines,Jamie Walker,784-667-2791x76165,brownmichael@example.org,female,1967-01-12,2021-10-09,Human Resources,HR Manager,87655,020-75-6502,58,50-59
524281692,India,Tejas Prabhu,417-549-6027,joneslauren@example.org,male,1970-08-11,2021-09-30,Customer Support,Support Representative,51285,463-74-2910,55,50-59
357784072,USA,Jessica Scott,+1-765-950-9315x96564,paulaparsons@example.com,female,1984-02-19,2011-02-18,Sales,Sales Manager,136143,410-92-2095,41,40-49
669686115,India,Victor Swaminathan,2976567863,stewartkyle@example.net,male,1980-08-10,2019-06-12,Engineering,Engineering Manager,174409,237-83-6790,45,40-49
899089320,USA,Samantha Bruce,869-229-4099x2559,barneskathy@example.org,female,2001-08-19,2022-07-29,Engineering,Senior Software Engineer,177110,679-59-4153,24,20-29
620677295,China,海燕 解,+1-712-852-7166x60075,mariecastro@example.org,female,1988-05-09,2020-01-14,Engineering,Software Engineer,101849,788-60-7876,37,30-39
710202137,USA,Becky King,8408310145,qpatterson@example.net,female,1981-10-21,2015-01-31,Sales,Sales Director,159432,713-35-6935,44,40-49
720682356,USA,James Bates,(525)989-8392x332,huffmanjulie@example.com,male,1974-03-27,2018-09-30,Sales,Senior Sales Representative,94783,887-95-7159,51,50-59
946799779,USA,Sharon Francis,5584026460,ewells@example.com,female,1996-11-16,2025-01-13,Marketing,Marketing Manager,75185,472-53-3646,29,20-29
420035728,USA,Andrea Pham,848.325.4222x6419,elizabeth37@example.net,female,1995-07-16,2023-08-21,Operations,Operations Analyst,82193,059-89-2300,30,30-39
541671360,USA,Andrew Garcia,001-578-351-7545,george01@example.org,male,1977-12-17,2011-11-03,Engineering,Senior Software Engineer,120776,364-83-6360,48,40-49
537165399,India,Yasti Krishnan,856.909.8233x45249,grantbenjamin@example.org,female,1988-01-17,2020-10-15,Legal,General Counsel,258904,046-14-9196,37,30-39
281736941,India,Suhani Tara,+1-746-730-0992x614,andreamoran@example.net,female,1977-05-30,2013-03-17,Engineering,Software Engineer,103610,159-69-4780,48,40-49
233913984,USA,Samantha Greene,001-285-892-6100,dustin08@example.net,female,1976-01-28,2015-01-27,Engineering,Senior Software Engineer,153170,113-92-1542,49,40-49
425086999,South Korea,하은 김,3105524350,james07@example.org,female,1969-06-30,2010-05-20,Human Resources,HR Specialist,51994,487-96-7085,56,50-59
240867612,USA,Jeffrey Conrad,410-855-6712,rhernandez@example.net,male,1983-05-26,2012-05-22,Sales,Sales Representative,77694,124-58-8710,42,40-49
576582183,USA,Nicole Price,(653)263-1902x0294,colemandesiree@example.com,female,1984-10-06,2019-07-29,Marketing,Marketing Specialist,71013,728-18-6792,41,40-49
895258294,USA,Chase Lopez,528-286-1000,stevenspatrick@example.com,male,1983-03-27,2012-10-07,Finance,Financial Analyst,84819,717-84-8071,42,40-49
427667311,USA,Karen Young,776.426.8508x62054,stephaniesherman@example.org,female,1977-06-05,2018-04-08,Engineering,Software Engineer,108578,041-38-3005,48,40-49
720493372,China,华 陈,977.759.9448x7918,qscott@example.net,male,2004-12-08,2025-04-12,Engineering,Software Engineer,91631,313-57-2090,21,20-29
499114168,Philippines,Traci Carey,7523400469,pricelaura@example.net,female,1996-04-24,2017-08-12,Marketing,Marketing Specialist,75236,101-44-8525,29,20-29
981622236,Mexico,Blanca Matías,+1-675-959-8985x7672,martinezdrew@example.org,male,1970-04-01,2015-10-06,Customer Support,Senior Support Representative,61206,189-74-1014,55,50-59
778321204,USA,Jonathan Clark,479.304.1250x8427,richardsanders@example.net,male,1973-09-10,2021-12-02,Engineering,Senior Software Engineer,131945,411-13-6123,52,50-59
873538202,USA,Evan Alvarez,(793)858-1012x58344,ginaknapp@example.org,male,1978-02-18,2025-04-23,Finance,Financial Analyst,65041,248-62-0682,47,40-49
736820440,India,Riya Contractor,441-703-3448,cphillips@example.org,female,1981-09-08,2018-08-31,Engineering,VP Engineering,222734,897-60-2450,44,40-49
324741375,USA,Elizabeth Norris,(287)223-7413x610,douglasmoore@example.net,female,1983-09-08,2022-07-09,Marketing,Marketing Manager,86016,616-02-3397,42,40-49
596296602,USA,Timothy Griffin,+1-383-401-7014,benjaminreed@example.org,male,1963-07-21,2010-08-26,Operations,Operations Analyst,83660,609-29-6479,62,60+
773715057,USA,David Jones,+1-470-596-3925,tracyharrington@example.org,male,1978-02-05,2021-01-28,Engineering,Software Engineer,100484,625-08-8268,47,40-49
143420070,USA,Aaron Sparks,651.511.0817x3681,jerryfernandez@example.net,male,1966-05-04,2016-02-02,Sales,Sales Representative,93642,337-22-5526,59,50-59
816807711,USA,Elizabeth Higgins,+1-654-681-0584,brandon24@example.org,female,1984-06-30,2022-07-18,Engineering,VP Engineering,242389,873-82-9678,41,40-49
704633564,USA,Shannon Reyes,631.703.6684x13020,xsmith@example.org,female,1997-12-08,2023-05-24,Engineering,Senior Software Engineer,132336,491-36-4813,28,20-29
984053945,India,Vasudha Baria,354-560-4994x872,brownsharon@example.org,female,1984-06-17,2016-06-09,Engineering,VP Engineering,275353,089-22-5061,41,40-49
160170716,USA,Caitlin Boyd,+1-702-667-7340,crystal86@example.org,female,1988-09-01,2025-03-22,Finance,Senior Financial Analyst,97465,365-18-8127,37,30-39
116742547,USA,Jennifer Hodge,001-341-360-4613,xrobertson@example.com,female,1966-05-21,2017-12-03,Human Resources,HR Director,122964,639-18-3458,59,50-59
696291839,India,Wyatt Chakrabarti,357.786.9575x880,jacksonsherry@example.org,male,1982-05-29,2019-10-08,Sales,Senior Sales Representative,108325,492-84-6270,43,40-49
776897455,USA,Sherry Silva,804.235.1837x75013,margaret20@example.org,female,1978-11-11,2024-04-19,Sales,Sales Representative,88297,632-87-1288,47,40-49
976932479,USA,Timothy Mathews,875.631.6298x56692,robert89@example.org,male,1982-08-16,2018-09-13,Customer Support,Support Representative,48402,070-30-8860,43,40-49
458167668,Canada,Carl Soto,001-911-552-2101x5592,ydixon@example.com,male,1967-02-06,2014-06-01,Engineering,Software Engineer,122108,166-17-2001,58,50-59
106778955,USA,Thomas Smith,573-633-2470x3763,caldwelljohn@example.net,male,1981-05-17,2023-11-18,Finance,Financial Analyst,67606,221-23-6242,44,40-49
923708262,USA,Deborah Edwards,+1-833-254-2613x466,kevinjohnson@example.com,female,1984-01-23,2011-03-14,Operations,Operations Analyst,60653,123-87-9852,41,40-49
162291621,China,成 葛,528.319.5939x203,swansontiffany@example.net,male,1968-09-04,2023-06-06,Sales,Sales Representative,60308,445-28-0298,57,50-59
630609022,Taiwan,正雄 江,804.637.4123x4034,christina85@example.org,male,1981-11-04,2012-07-18,Finance,Finance Director,165039,009-15-9643,44,40-49
268961168,USA,Ian Delacruz,(688)771-7224x1587,qfuentes@example.net,male,1983-12-02,2021-11-19,Engineering,Software Engineer,113738,477-73-1984,42,40-49
652235149,USA,Jessica Leach,813.468.1072,tinabest@example.org,female,2001-06-30,2024-11-24,Operations,Operations Manager,113340,405-08-3275,24,20-29
888807316,South Korea,영자 이,001-599-477-9897x15002,mvaldez@example.org,female,1986-11-16,2017-08-18,Legal,Corporate Counsel,165791,209-62-8413,39,30-39
113247168,USA,Amy Mack,+1-379-808-0483x789,ramirezjulia@example.com,female,1964-04-16,2016-12-25,Engineering,Software Engineer,97650,099-03-9622,61,60+
277150029,USA,Stacey Herrera,2754801958,david67@example.net,female,1979-11-17,2024-10-01,Customer Support,Support Representative,48339,547-25-9962,46,40-49
326586581,USA,Melissa Cortez,001-548-765-3284x314,dana80@example.com,female,2000-04-20,2022-03-15,Engineering,Software Engineer,107343,225-79-5828,25,20-29
210037068,China,俊 单,(912)725-2638x734,jpoole@example.net,male,1995-08-20,2023-04-22,Engineering,Senior Software Engineer,160377,210-44-2003,30,30-39
781726567,USA,Gabriel Carey,8954623808,tracey81@example.com,male,2000-09-30,2022-03-09,Engineering,Software Engineer,131570,280-93-3146,25,20-29
547506309,USA,Willie Pham,475.612.9912x590,skinnerkathryn@example.com,male,1978-12-01,2016-04-25,Marketing,Marketing Specialist,74823,607-43-1082,47,40-49
260902774,USA,Jimmy Ward,809.987.5616x747,nramsey@example.net,male,1963-05-07,2010-09-30,Operations,VP Operations,191566,135-32-7295,62,60+
833084825,India,Frado Bahri,865-940-0692x1452,nielsenkenneth@example.org,male,1969-08-17,2019-06-30,Operations,Operations Analyst,68072,587-71-0075,56,50-59
791477145,USA,Dawn Morrow,423.622.8565,sherry93@example.net,female,1982-09-13,2015-02-13,Sales,Sales Manager,159962,488-02-8996,43,40-49
782266083,USA,Jeffrey Mooney,458.220.4297,harrischristopher@example.com,male,1984-06-19,2017-09-25,Operations,Operations Analyst,64059,221-09-3719,41,40-49
816479341,USA,Peter Turner,+1-570-288-5120x7331,dianaproctor@example.net,male,1977-08-10,2012-03-28,Engineering,Software Engineer,135033,141-63-6128,48,40-49
930660891,India,Mitesh De,832.360.1781,bsmith@example.org,male,1978-10-05,2024-03-22,Engineering,Senior Software Engineer,171237,692-62-2042,47,40-49
469226717,USA,Alvin Powell,480.575.3774,chandleralexis@example.com,male,1976-04-30,2018-01-31,Human Resources,HR Specialist,63464,579-30-3511,49,40-49
153549056,India,Hemang Handa,001-434-906-8880x02757,kimberlytownsend@example.com,male,1980-06-13,2013-12-11,Engineering,Software Engineer,132358,315-54-6159,45,40-49
762441268,USA,Cristina Pena,240.409.4601,williamsangela@example.com,female,1963-04-22,2021-06-29,Operations,Operations Manager,97489,092-82-1581,62,60+
322762522,USA,David Vaughan,802-616-9774,hayleywalker@example.net,male,1981-12-20,2011-09-13,Sales,Sales Director,165378,338-54-3802,44,40-49
239654428,USA,Travis Price,001-307-639-0721x0736,zmarquez@example.net,male,2002-04-07,2022-10-27,Human Resources,CHRO,242423,722-19-0037,23,20-29
560940492,USA,Deborah Young,+1-493-477-0155x534,oortiz@example.org,female,1978-07-02,2018-08-11,Legal,Legal Assistant,73789,075-26-1646,47,40-49
196815965,USA,Gail King,(222)799-9519x680,shaffermonique@example.org,female,1984-03-13,2016-05-15,Engineering,VP Engineering,294913,304-08-0875,41,40-49
134963873,USA,Thomas Mcclure,001-555-446-7790x78638,sarah56@example.net,male,1993-10-13,2019-07-11,Engineering,Principal Engineer,192930,007-14-9376,32,30-39
903079055,Taiwan,冠宇 張,+1-347-780-8443x165,onorris@example.net,male,1962-12-21,2011-03-12,Marketing,Senior Marketing Manager,107506,300-71-2815,63,60+
415835422,USA,Matthew Williams,624.643.1929x194,eguerrero@example.org,nonbinary,2001-04-18,2021-05-28,Finance,Senior Financial Analyst,88136,539-43-9563,24,20-29
132411682,India,Raksha Sood,468.677.3690x96701,yolanda33@example.com,female,1982-08-31,2019-02-15,Engineering,Engineering Manager,149626,482-55-0193,43,40-49
153839920,India,Mitali Oza,930.551.0897x05981,nmorrow@example.com,female,1985-08-10,2020-01-29,Engineering,Principal Engineer,198284,748-62-4613,40,40-49
691625661,USA,John Watson,385.845.1786,vgarcia@example.org,male,1979-06-03,2022-08-22,Marketing,Marketing Manager,80015,729-71-4780,46,40-49
786815488,USA,Matthew Jackson,001-651-825-2980x0059,emily92@example.org,male,1962-11-11,2019-06-20,Operations,Operations Analyst,78531,192-15-5265,63,60+
368183364,USA,Betty Ramirez,+1-770-543-4443x2462,barbaramitchell@example.org,female,1999-01-20,2023-12-21,Customer Support,Support Representative,41862,795-06-1036,26,20-29
293195372,USA,Matthew Nunez,7582896855,adam45@example.org,male,1984-04-04,2024-04-13,Operations,Operations Manager,81763,555-63-9475,41,40-49
265959933,USA,Benjamin Fleming,847.386.6820,daniel09@example.net,male,1976-12-16,2011-02-20,Engineering,Software Engineer,96900,239-99-6752,49,40-49
431014655,USA,Pamela Harding,8763414196,rodney57@example.com,female,1994-06-27,2023-11-11,Finance,Senior Financial Analyst,100611,612-79-6457,31,30-39
748006811,India,Samar Sangha,+1-442-594-3618x690,wjohnson@example.net,nonbinary,1994-10-08,2019-07-22,Marketing,Marketing Manager,85174,889-34-2256,31,30-39
801038300,USA,Debra Burke,+1-775-962-6627x86242,jacksonkristopher@example.com,female,1973-10-07,2022-07-09,Engineering,Software Engineer,121175,075-87-2293,52,50-59
279701810,China,倩 曹,6102616366,bruce39@example.net,female,1983-01-22,2018-04-08,Sales,Senior Sales Representative,98094,195-65-8322,42,40-49
477470703,USA,Kevin Benton,(763)334-7242x40577,mitchellthomas@example.org,male,2003-02-04,2023-03-28,Engineering,Software Engineer,119303,331-34-6173,22,20-29
858862663,India,Wahab Loke,+1-610-524-1497,hinessamantha@example.com,male,1976-09-02,2022-05-06,Engineering,Engineering Manager,192218,771-21-5007,49,40-49
267920042,Canada,Brianna Potts,+1-635-709-2725x051,kevintaylor@example.com,female,1997-10-11,2021-02-25,Engineering,Principal Engineer,172576,462-87-4785,28,20-29
208426285,USA,Jennifer Rose,774.325.5246x0157,ekelley@example.net,female,1986-08-04,2019-09-17,Marketing,Marketing Specialist,76708,508-63-0223,39,30-39
297639735,China,霞 夏,229-339-8481,urodriguez@example.org,female,1985-09-06,2018-01-09,Engineering,Principal Engineer,160235,571-18-0183,40,40-49
400632183,India,Gagan Suresh,434.278.0618x99517,hrobinson@example.org,male,1977-09-05,2016-10-07,Engineering,Software Engineer,101686,536-81-1650,48,40-49
707423317,USA,Brenda Simmons,+1-363-398-6698x36730,stewartrodney@example.net,female,1972-03-29,2017-01-19,Human Resources,HR Specialist,72025,840-50-0351,53,50-59
808858764,USA,Kelsey Pennington,762-636-4486x97869,taraparker@example.net,female,1974-02-07,2013-05-03,Customer Support,Support Representative,42946,769-91-0186,51,50-59
495514868,USA,David Castaneda,307-835-7960x8519,reginaldthompson@example.org,male,1984-08-16,2014-11-06,Engineering,Software Engineer,120423,273-03-5696,41,40-49
705306363,India,Ayush Kapoor,(822)261-7142,luislee@example.net,male,1983-02-13,2020-04-19,Executive,VP,299598,234-01-3376,42,40-49
533420499,India,Banjeet Prabhu,(263)522-5868,shawnmacdonald@example.com,male,1977-10-28,2020-04-12,Engineering,Engineering Manager,180980,503-33-1510,48,40-49
335483530,India,Odika Khosla,+1-791-732-3049,ashley30@example.net,female,1976-06-04,2023-09-14,Sales,Senior Sales Representative,113733,328-45-8949,49,40-49
321437670,USA,Theresa Maynard,+1-335-962-7275x949,timothy59@example.net,female,1979-06-26,2012-05-21,Customer Support,Support Representative,43282,559-09-7047,46,40-49
313867761,China,建华 胡,531.923.3068x01029,whitelarry@example.org,male,1968-10-05,2016-06-18,Engineering,Principal Engineer,190201,377-69-4949,57,50-59
183682466,India,Vedika Khurana,918.662.5524x740,valerieyu@example.net,nonbinary,1984-12-19,2016-05-04,Sales,Senior Sales Representative,94149,495-75-6416,41,40-49
258151146,India,Ekansh Narain,+1-747-955-5606x6473,susanhaynes@example.net,male,1985-10-13,2020-10-29,Customer Support,Senior Support Representative,65104,573-05-7620,40,40-49
319125903,India,Veda Vala,+1-762-583-8743x3582,allensara@example.net,female,1961-09-26,2017-05-18,Engineering,Software Engineer,110058,164-49-5015,64,60+
178472873,USA,Lori Newman,+1-915-383-4259,davisjustin@example.net,female,1982-10-08,2014-07-06,Engineering,Principal Engineer,210273,034-35-0340,43,40-49
865406379,USA,Jennifer Webb,(895)395-8745,blancharddaniel@example.com,female,1977-12-17,2020-09-25,Engineering,Senior Software Engineer,142547,820-12-6267,48,40-49
185335495,USA,Kimberly Davis,+1-723-551-6859x219,gnguyen@example.net,female,1971-08-05,2025-05-01,Operations,Operations Analyst,62513,667-75-4391,54,50-59
494665673,China,华 王,562.614.8646,anthony01@example.org,male,1984-01-03,2010-08-03,Marketing,Marketing Manager,82529,385-13-7253,41,40-49
118406723,USA,Jason Scott,(832)360-0952,gholmes@example.com,male,1980-11-01,2020-12-04,Engineering,Software Engineer,122913,843-43-0995,45,40-49
207497928,USA,Travis Hayes,421.275.4836,cking@example.org,male,1997-11-11,2024-02-09,Finance,Financial Analyst,65489,793-37-0907,28,20-29
884227355,USA,Brenda Tucker,+1-995-419-0938x16648,diaztiffany@example.com,female,1963-02-17,2011-10-05,Customer Support,Support Representative,50263,329-95-5142,62,60+
100614068,India,Finn Thaman,458.463.7149x541,emilypatterson@example.com,male,1973-12-27,2019-05-04,Engineering,Software Engineer,129252,598-23-8111,52,50-59
603601664,China,桂英 冯,(385)620-8101x459,haasjohn@example.org,female,1977-08-22,2024-10-23,Customer Support,Senior Support Representative,56357,037-38-8079,48,40-49
772408958,India,Veer Bhakta,918-721-2690x107,carol07@example.org,male,1966-10-27,2023-05-07,Engineering,Software Engineer,131569,826-83-0402,59,50-59
345938494,India,Deepa Pandey,240.910.3270x66746,nmurray@example.net,female,1976-02-14,2018-04-01,Operations,Operations Analyst,61051,782-40-8889,49,40-49
763395529,USA,John Barber,731.602.4920x958,gregorywhitaker@example.com,male,1973-06-03,2014-02-01,Operations,Operations Analyst,80897,313-61-3988,52,50-59
677174482,USA,Mark Nguyen,+1-568-472-1896,michaelross@example.net,male,1995-03-02,2022-07-14,Engineering,Software Engineer,117771,493-11-5426,30,30-39
217165692,India,Jasmit Hegde,001-686-332-3815x096,owilliams@example.org,female,1967-11-19,2011-09-16,Engineering,Principal Engineer,165624,815-61-1556,58,50-59
313043758,USA,Julie Robertson,767.853.3937x4303,gjones@example.org,female,1994-01-04,2021-02-09,Engineering,Software Engineer,121057,897-35-2223,31,30-39
524767500,USA,Katie Chavez,903-417-3009x276,iwaters@example.net,female,1999-01-10,2019-01-19,Engineering,Engineering Manager,178405,270-64-6437,26,20-29
900146448,USA,Tanya King,(568)752-7083x1066,mhansen@example.com,female,1994-03-21,2016-06-14,Finance,Financial Analyst,81246,190-90-8277,31,30-39
708375597,India,Harinakshi Khosla,001-873-722-6730x2390,sarah39@example.net,female,1983-12-18,2024-05-07,Sales,Sales Representative,66566,897-07-9094,42,40-49
719392003,USA,Levi Ramirez,(571)238-2408,dlester@example.com,male,1983-02-09,2011-03-03,Engineering,Senior Software Engineer,157741,525-09-2999,42,40-49
805948063,USA,Jamie Powell,361-418-2047x1969,lroy@example.com,nonbinary,1966-07-23,2024-08-04,Sales,Sales Representative,75773,361-52-7645,59,50-59
920760420,USA,Tiffany Harrison,+1-865-474-5779,lorimoreno@example.com,female,1995-11-26,2017-02-01,Sales,Sales Manager,136206,214-09-7051,30,30-39
405922472,USA,Briana Strickland,(417)921-2035x3104,gwagner@example.net,female,1965-11-10,2022-02-13,Engineering,Software Engineer,107870,652-61-7195,60,60+
917104656,China,凤英 刘,6289313571,hgallegos@example.net,female,1983-10-15,2018-02-22,Marketing,Senior Marketing Manager,113238,813-14-6468,42,40-49
503632224,USA,Alexander Baldwin,3402074799,pauldaniel@example.org,male,1982-01-16,2015-06-12,Engineering,Software Engineer,103455,201-16-5203,43,40-49
773469560,USA,Noah Scott,715-367-8879x961,glennwilson@example.org,male,1977-09-03,2018-08-29,Engineering,Software Engineer,110718,016-79-8181,48,40-49
918671750,USA,Grant Miller,001-886-966-0830,xmitchell@example.org,male,1961-07-12,2016-12-30,Operations,Operations Analyst,80053,495-49-3415,64,60+
437410428,India,Pallavi Wali,001-893-816-7614x3474,andre08@example.net,female,1976-11-27,2011-11-23,Sales,Senior Sales Representative,80810,065-62-7590,49,40-49
832506384,USA,Elizabeth Johnson,(297)816-1006,nataliesingh@example.net,female,1969-10-09,2024-05-22,Engineering,Software Engineer,90583,231-35-0130,56,50-59
782144873,USA,Hannah Moore,898-615-3783,kavila@example.net,female,1979-10-20,2024-02-12,Sales,Senior Sales Representative,118817,700-17-5974,46,40-49
740080432,India,Leena Dhawan,+1-485-827-3396x9958,jcallahan@example.org,female,1977-10-23,2010-03-05,Finance,Financial Analyst,84423,411-53-7989,48,40-49
733740880,India,Aradhana Narula,+1-822-701-4760x0618,tdunn@example.org,female,1984-10-16,2022-11-26,Engineering,Engineering Manager,193379,048-55-6481,41,40-49
972810297,India,Samesh Karan,703-239-6486x523,amber12@example.net,male,1982-01-20,2018-10-11,Finance,Financial Analyst,87961,285-77-0876,43,40-49
887654788,USA,Jeffrey Hutchinson,001-207-984-9813x4499,omiller@example.net,male,1984-02-20,2016-01-13,Finance,Financial Analyst,81276,875-09-6778,41,40-49
792944501,India,Yuvraj Dhawan,837-746-7102x2835,michaelcunningham@example.net,male,1981-04-02,2017-09-27,Customer Support,Support Representative,40486,372-75-9098,44,40-49
985193689,India,Saksham Yogi,(335)465-4270,mirandadixon@example.com,male,1982-12-23,2021-07-27,Engineering,Engineering Manager,150508,131-10-2229,43,40-49
771737478,China,云 邓,(251)797-9869x66639,gonzalesjames@example.net,female,1969-09-23,2018-01-23,Operations,Operations Analyst,70010,606-84-0343,56,50-59
783870083,USA,Mark Chandler,(515)316-2075x11298,chad68@example.com,male,1973-04-04,2016-05-04,Marketing,Marketing Specialist,69640,001-49-6595,52,50-59
415870923,India,Vritti Comar,207-315-2623,jbishop@example.com,female,1977-12-16,2024-04-15,Customer Support,Senior Support Representative,64706,630-77-3433,48,40-49
945436943,USA,William Baker,458-376-2924,ray81@example.com,male,1973-11-28,2022-04-16,Customer Support,Senior Support Representative,53542,577-43-0180,52,50-59
102399064,USA,Julie Pena,(876)688-5850x198,xhartman@example.com,female,1986-01-06,2019-01-28,Sales,Senior Sales Representative,117279,759-34-9187,39,30-39
908186980,India,Tanish Sant,+1-405-566-7966x069,grandall@example.org,male,1979-07-21,2018-05-10,Engineering,VP Engineering,243463,287-92-6258,46,40-49
944347580,USA,Eric Raymond,638-295-1592x153,adam80@example.net,male,2003-09-21,2025-05-04,Engineering,Engineering Manager,190511,163-07-1568,22,20-29
772699154,USA,Kylie Merritt,703-415-9234x679,dennisdavid@example.com,female,1970-06-11,2024-10-30,Finance,Finance Manager,123130,591-10-7877,55,50-59
816162690,Taiwan,宇軒 陳,545.634.6990,jmorris@example.net,male,1979-02-20,2013-01-17,Operations,Operations Analyst,68232,835-15-0813,46,40-49
591285126,Mexico,Pedro Pérez,001-375-502-9684x9145,ewallace@example.org,male,1985-07-18,2012-11-10,Legal,Legal Assistant,63086,831-22-2583,40,40-49
941128035,USA,Tyler Morris,001-853-951-8665x1740,maria27@example.org,male,1980-07-09,2020-04-01,Sales,Sales Representative,91894,423-44-3648,45,40-49
711768303,Canada,Jessica Ball,342.716.7539x83457,anthony73@example.com,female,1983-08-13,2018-05-21,Engineering,Principal Engineer,176515,650-02-2781,42,40-49
949385932,USA,Julie Curry,550-721-5218x82132,patriciawilliams@example.org,female,1995-05-09,2015-11-12,Marketing,Marketing Specialist,75715,549-23-9294,30,30-39
604788545,India,Xalak Saran,727.875.2240x09602,davidreed@example.net,female,1987-04-18,2020-01-09,Operations,Senior Operations Manager,129904,424-34-8107,38,30-39
827323889,USA,Jennifer Russell,+1-932-363-2377x94764,kmarquez@example.org,female,1998-05-09,2019-03-14,Sales,Senior Sales Representative,105796,841-81-7966,27,20-29
413342602,India,Kashvi Sachdev,+1-445-453-6209x7574,sgregory@example.net,female,1979-06-16,2010-05-18,Engineering,Senior Software Engineer,169208,363-09-2314,46,40-49
678336713,USA,James Browning,459-770-7675x3627,laura25@example.org,male,1981-09-17,2016-02-25,Engineering,Software Engineer,102873,625-70-1484,44,40-49
438768594,USA,Christopher Keller,+1-378-544-0825,kimberlymanning@example.net,male,1984-12-17,2021-01-05,Sales,Sales Representative,61226,324-80-4437,41,40-49
468240534,India,Sanya Bedi,349-350-8544x705,benjamin19@example.net,female,1983-09-12,2017-07-14,Operations,Operations Manager,102321,362-66-7439,42,40-49
730100172,USA,Angela Edwards,816.689.7567,pgarcia@example.net,female,1962-05-29,2024-03-21,Customer Support,Support Representative,38896,832-25-4035,63,60+
128198506,Canada,Nicholas Schwartz,+1-337-894-7748,mooreantonio@example.org,male,1974-03-13,2024-07-21,Sales,Sales Representative,65873,767-26-3782,51,50-59
558610676,China,帅 叶,(228)676-4307x3583,pricewilliam@example.org,male,1997-05-23,2024-08-16,Engineering,Software Engineer,132006,641-40-8529,28,20-29
474793903,USA,Denise Ramirez,662.823.1137,lindagibson@example.net,female,1985-04-05,2020-08-23,Customer Support,Support Manager,87381,150-57-9934,40,40-49
761975126,USA,Shannon Hubbard,511.253.5863,davidnorton@example.net,female,1973-06-07,2021-09-15,Engineering,Software Engineer,99477,033-46-5424,52,50-59
463336272,USA,Teresa Cook,(677)869-9942,stephenroy@example.net,female,1979-03-03,2014-03-20,Sales,Sales Representative,73778,054-75-9656,46,40-49
877103091,USA,David Butler,+1-685-863-2083x800,carlaanderson@example.net,male,1978-09-15,2023-01-22,Marketing,Marketing Specialist,76514,668-94-3383,47,40-49
438468976,USA,John Thomas,(724)910-4734x4238,khill@example.com,male,1985-09-03,2014-05-19,Sales,Sales Manager,125702,291-98-6800,40,40-49
688515227,India,Yashodhara Dora,+1-601-951-4553x5741,ajohnson@example.net,female,1992-12-07,2014-01-21,Engineering,Software Engineer,95863,238-78-1026,33,30-39
871588919,USA,David Stevenson,647.723.8164x020,gbridges@example.com,male,1973-06-27,2015-01-05,Engineering,Senior Software Engineer,132202,039-85-7092,52,50-59
728381921,USA,Regina Hughes,727.289.0307,bryanfrank@example.org,female,1981-09-06,2018-01-09,Engineering,Software Engineer,105900,584-45-2871,44,40-49
665401733,USA,Gail Martin,+1-628-846-0046x400,wcarr@example.org,female,1990-02-04,2022-08-30,Operations,Operations Manager,108960,034-25-0164,35,30-39
659088455,Philippines,Courtney Mack,+1-642-985-9274x27176,nsmith@example.com,female,1985-07-20,2022-01-14,Sales,Sales Representative,60240,394-67-3647,40,40-49
387343124,USA,William Reese,472-474-7462,izavala@example.net,male,1989-10-06,2016-10-04,Engineering,Senior Software Engineer,177645,509-34-0037,36,30-39
978505410,China,想 姬,001-918-414-7462,lewischristopher@example.org,male,1964-02-04,2017-11-24,Operations,Senior Operations Manager,120301,440-30-9054,61,60+
397082704,USA,Tanya Larsen,(560)371-7353x3053,cameronjensen@example.net,female,1962-09-17,2017-06-23,Customer Support,Support Manager,92528,832-34-2756,63,60+
995847952,India,Aishani Johal,550.615.5147,lisa33@example.com,female,1969-10-25,2020-05-12,Legal,Corporate Counsel,139870,790-14-3791,56,50-59
910715800,USA,Richard Miranda,+1-861-398-4136,matthew16@example.net,male,1982-07-18,2013-05-24,Legal,Corporate Counsel,166858,598-19-3645,43,40-49
112956537,USA,Rebecca Knox,(483)638-1454x615,chelsey18@example.org,female,1984-01-27,2014-07-11,Operations,Operations Manager,97001,802-05-2891,41,40-49
728115961,USA,Michele Kelly,+1-232-928-3973x700,juliewelch@example.com,female,1998-03-13,2021-01-16,Engineering,VP Engineering,222079,542-10-7122,27,20-29
569606919,USA,Adam Barron,+1-639-232-5944x0292,plee@example.org,male,1962-02-08,2013-02-25,Engineering,Senior Software Engineer,125189,180-81-5890,63,60+
436370681,India,Vyanjana Narayanan,756-744-8087,srodriguez@example.net,female,1980-03-09,2020-04-30,Engineering,Principal Engineer,162894,732-47-5631,45,40-49
856793425,India,Lekha Swaminathan,+1-447-426-8513x33309,perryjason@example.org,female,1978-12-12,2011-10-25,Finance,Finance Director,148392,094-87-8949,47,40-49
215834822,USA,Allison Flores,746-935-7130,justinmurray@example.net,female,2001-11-20,2023-10-14,Engineering,Senior Software Engineer,171951,804-73-6284,24,20-29
604201501,USA,Ashley Ortiz,716.848.7257x31456,ashley68@example.net,female,1964-03-29,2017-07-30,Engineering,Engineering Manager,148155,723-28-4957,61,60+
698865714,USA,Brian Harding,3908208870,morenobethany@example.net,male,1971-01-11,2024-11-22,Sales,Sales Representative,73667,182-56-2566,54,50-59
679902460,USA,Michael Marquez,551-975-5964,michaelstephenson@example.org,male,1982-12-17,2012-03-24,Engineering,Software Engineer,112840,715-08-9785,43,40-49
306364903,USA,Carmen Allen,+1-415-837-3233x149,ritablackwell@example.net,female,1999-04-26,2021-09-05,Engineering,Software Engineer,106389,627-75-3658,26,20-29
432342748,USA,Peter Garcia,(547)272-6430x297,jorgehernandez@example.org,male,1977-06-02,2023-09-05,Customer Support,Support Representative,52622,076-21-6860,48,40-49
955052486,China,辉 朱,+1-665-946-1978x48520,margaretcox@example.com,male,1962-11-25,2012-07-07,Finance,Financial Analyst,74000,023-98-5851,63,60+
304700754,USA,Monica Williams,+1-718-480-3320x38387,ejones@example.com,female,1998-05-12,2021-03-22,Sales,Senior Sales Representative,119585,630-63-1608,27,20-29
518197538,USA,Peter Miles,+1-685-838-7753,zhall@example.org,male,1980-07-01,2012-10-14,Engineering,Software Engineer,128278,261-73-4723,45,40-49
910192189,India,Gunbir Deshmukh,719-573-5655,qturner@example.org,male,1979-10-09,2019-01-16,Sales,Senior Sales Representative,86324,824-81-6311,46,40-49
125504528,India,Yashoda Walia,6402509493,jonathan83@example.org,female,1979-08-07,2013-04-07,Human Resources,HR Specialist,65047,020-45-2923,46,40-49
207927292,USA,Mercedes Dawson,7164137470,pgreen@example.net,female,1988-12-20,2023-06-03,Operations,Operations Manager,91615,546-81-7144,37,30-39
822408848,Philippines,Shannon Gonzalez,861.382.4032x136,ybrooks@example.org,female,1985-06-29,2023-11-27,Customer Support,Support Representative,48171,034-32-9311,40,40-49
460916347,USA,Stacy French,(564)361-5842x87361,ericross@example.org,female,1992-07-04,2019-11-04,Engineering,Software Engineer,133835,082-41-4293,33,30-39
371697432,USA,Raymond Miller,828.389.5793x19357,heidi61@example.net,male,1965-06-17,2018-03-12,Sales,Sales Representative,77968,566-89-9020,60,60+
605936741,USA,Amy Daniel,690.340.1478x468,amandarodriguez@example.com,female,1983-05-31,2021-03-26,Operations,Operations Manager,81490,882-78-0750,42,40-49
522240582,China,玉 涂,001-953-210-9791x4389,kennedytimothy@example.org,female,1979-01-04,2016-04-18,Finance,Finance Manager,133124,454-54-5812,46,40-49
403286126,USA,Jamie Jones,(716)629-2392,tammybeard@example.org,female,1980-12-10,2013-09-15,Engineering,Principal Engineer,205265,113-96-2327,45,40-49
133614668,USA,Susan Lopez,001-692-920-9175x32844,dpeterson@example.net,female,1985-12-22,2013-11-16,Engineering,Software Engineer,125490,352-21-7455,40,40-49
166216779,USA,Daniel King,(684)204-9973,fullerrobert@example.net,male,1977-06-13,2020-11-21,Finance,Finance Manager,114567,847-12-9916,48,40-49
338522684,USA,Rachel Foster,932.205.6139x24308,christianwood@example.net,nonbinary,1996-05-29,2022-03-17,Operations,Senior Operations Manager,111985,830-23-8580,29,20-29
294782734,USA,John Holland,312-315-4709x8156,owerner@example.net,male,1976-07-12,2023-10-24,Engineering,Engineering Manager,197007,399-42-1916,49,40-49
286630878,USA,April Johnson,478-278-6771x91230,cgonzales@example.com,female,1961-06-19,2022-01-13,Sales,Sales Representative,64919,702-06-5032,64,60+
800119488,India,Chaitanya Bhatti,(900)600-3519,martinezdawn@example.com,male,1985-12-24,2019-04-06,Engineering,Senior Software Engineer,148976,061-17-4883,40,40-49
610271691,USA,Devin Dawson,001-730-975-0959x7787,barnesdawn@example.net,male,1985-08-28,2019-12-13,Engineering,Software Engineer,137188,318-62-3533,40,40-49
183241401,USA,Jesse Rodriguez,(617)830-9912x0195,jesusgillespie@example.org,male,1966-06-19,2023-09-30,Sales,Sales Representative,77702,833-55-2280,59,50-59
358301976,USA,Amy Cunningham,312.279.9631x149,glee@example.org,female,1975-12-17,2021-10-31,Sales,Senior Sales Representative,81087,106-13-0305,50,50-59
497760560,India,Lekha Reddy,001-466-487-7529x84076,williamdavis@example.com,female,1977-01-14,2015-12-04,Finance,Finance Manager,132748,301-25-2993,48,40-49
425129005,USA,Jill Contreras,001-577-940-5668x6168,bhicks@example.net,female,1964-03-30,2012-12-06,Operations,Operations Analyst,80266,756-09-2038,61,60+
345421677,India,Nakul Raval,737.591.3962x92135,gwhite@example.net,male,1969-09-18,2023-06-12,Engineering,Software Engineer,96545,530-33-2764,56,50-59
195253470,USA,Matthew Wong,(809)634-9927,anthonyford@example.net,male,1976-01-01,2022-02-19,Customer Support,Support Director,133836,834-55-0225,49,40-49
338099150,USA,Linda Phillips,9256239847,mbenjamin@example.net,female,1981-11-06,2017-11-24,Engineering,VP Engineering,200287,780-20-2130,44,40-49
113339084,USA,Keith Long,(643)283-0757,vhurley@example.net,male,1976-02-10,2023-08-13,Operations,Operations Analyst,82713,647-06-1148,49,40-49
581331845,USA,Debra Gates,631.476.2803x29586,ashleyhartman@example.org,female,2000-02-05,2021-05-02,Engineering,Senior Software Engineer,170988,261-90-1808,25,20-29
978268954,USA,Brenda Nelson,(278)479-2960,kari33@example.org,female,1990-07-03,2015-06-14,Marketing,Marketing Specialist,66874,422-36-0257,35,30-39
271079075,China,琳 田,335-305-0496,yjohnson@example.com,female,1984-06-23,2021-12-10,Marketing,Marketing Manager,97591,436-77-3758,41,40-49
817219263,USA,Brett Richardson,(781)416-7542x03220,amydelgado@example.org,male,1985-11-03,2024-01-25,Customer Support,Support Manager,83955,136-41-5229,40,40-49
370637678,USA,Nicholas Cox,382.539.7659x58292,bridget51@example.com,male,1983-11-27,2024-03-27,Executive,SVP,314744,403-95-5350,42,40-49
889065340,India,Vinaya Kant,9728514159,prussell@example.com,female,1981-05-20,2016-04-10,Engineering,Senior Software Engineer,165544,724-03-3543,44,40-49
380849661,USA,Allison Arellano,+1-882-262-1472x089,davidmunoz@example.org,female,1976-11-01,2015-02-02,Sales,Sales Representative,83569,453-62-8312,49,40-49
726608478,USA,Taylor Davis,(535)963-1820,michaelcombs@example.org,female,1965-06-06,2014-12-05,Engineering,Software Engineer,128031,119-81-8856,60,60+
617743557,India,Ekaraj Mitra,5139332767,petersonchristopher@example.net,male,1964-05-16,2017-12-18,Legal,Legal Assistant,63955,303-99-8722,61,60+
540028278,USA,Carla Griffith,962.630.3345x68740,markmorgan@example.com,female,1968-12-02,2024-11-16,Human Resources,HR Manager,89233,174-05-6961,57,50-59
333869257,USA,William Williams,331-323-1229x163,amyhamilton@example.com,male,1973-12-31,2022-08-18,Sales,Sales Representative,60580,247-61-2293,52,50-59
780525215,USA,Brian Macdonald,(719)606-9024,qtodd@example.org,male,1984-03-28,2016-08-27,Engineering,Principal Engineer,206178,797-93-2064,41,40-49
814439275,China,颖 吴,307-914-5867x464,eric45@example.net,female,1977-12-07,2024-06-20,Engineering,Senior Software Engineer,146141,261-11-2160,48,40-49
403887508,Taiwan,秀琴 王,2903836572,khenderson@example.com,female,1976-11-24,2022-09-04,Marketing,Marketing Specialist,74433,781-48-2536,49,40-49
139509449,USA,Charles Gray,596.517.4930,higginsjohn@example.net,male,1972-03-21,2024-07-16,Sales,Sales Manager,128399,832-51-8699,53,50-59
548651862,USA,David Sosa,001-283-496-9136x738,aalvarez@example.net,male,2004-03-24,2024-07-23,Customer Support,Senior Support Representative,67201,465-54-5792,21,20-29
137431602,India,Adya Lad,498-612-9221x7794,andrewkoch@example.net,female,1987-09-14,2022-06-19,Finance,Finance Manager,104778,006-45-3550,38,30-39
860283250,China,璐 华,+1-910-916-9105x1788,mary27@example.com,nonbinary,1988-12-09,2015-07-20,Engineering,Principal Engineer,197489,471-43-4443,37,30-39
450932787,India,Elijah Dixit,421-816-9293x9591,abigail84@example.org,male,1964-09-02,2016-11-10,Operations,Operations Analyst,76462,812-40-7249,61,60+
269504123,India,Ranveer Kala,001-365-404-8695x25357,david40@example.com,male,1986-01-12,2020-03-22,Engineering,Software Engineer,108878,705-39-6349,39,30-39
616854671,India,Warda Bedi,(902)331-3145,christopheradams@example.org,female,1978-02-20,2012-04-26,Sales,Senior Sales Representative,94008,171-70-8855,47,40-49
576676179,Mexico,Tomás Carrión,001-713-867-9376x3683,elizabethedwards@example.net,female,1965-06-13,2021-03-04,Finance,Finance Manager,105038,063-60-3921,60,60+
581223755,USA,Cynthia Brown,(635)791-8073,johnsonlisa@example.net,female,1983-01-28,2025-05-18,Engineering,VP Engineering,202260,419-99-5226,42,40-49
538640915,USA,Tina Roth,(348)203-3597,grangel@example.net,female,1980-02-06,2013-01-19,Sales,Senior Sales Representative,103070,370-83-9766,45,40-49
761712635,USA,Louis Baxter,001-782-500-7412x5161,webstercynthia@example.org,male,1981-06-21,2017-08-26,Engineering,Principal Engineer,202233,815-27-4253,44,40-49
227919275,India,Pranit Khalsa,733.517.9637x74884,aprice@example.org,male,1989-02-25,2020-03-30,Engineering,Senior Software Engineer,145141,368-08-7479,36,30-39
190966348,USA,Haley Pena,(377)455-8039x048,wanda78@example.com,female,1989-11-02,2020-05-30,Engineering,Software Engineer,110288,320-98-3675,36,30-39
972144388,USA,Nicole Long,343.783.0995x955,wendymorgan@example.org,female,1978-06-07,2012-10-28,Finance,Financial Analyst,86116,545-37-8635,47,40-49
767831721,USA,Nathan Gentry,5225248205,ksteele@example.org,male,1993-03-30,2022-03-09,Engineering,Principal Engineer,200844,220-53-5493,32,30-39
892150738,USA,Shawn West,303.460.7231x006,joyespinoza@example.net,male,1982-06-29,2010-04-05,Operations,Operations Analyst,73519,641-95-8216,43,40-49
216763663,India,Faris Oommen,286.786.8937x96401,jessicamartinez@example.net,male,1980-09-26,2020-01-02,Sales,Sales Director,199664,298-85-1941,45,40-49
975155164,USA,Jessica Gonzalez,220-643-0222x95666,curtis53@example.com,female,2003-06-13,2024-08-16,Sales,Sales Manager,126288,262-17-4584,22,20-29
421810334,India,Ronith Chanda,272.875.7704,gdelacruz@example.net,male,1979-04-17,2020-07-31,Engineering,Software Engineer,104104,887-66-6368,46,40-49
191926217,USA,Luis Miller,963.760.6568,markmorgan@example.com,male,1982-04-27,2013-01-04,Engineering,Software Engineer,105817,449-61-0997,43,40-49
880474837,India,Lipika Kuruvilla,(644)396-6988,malonebenjamin@example.net,female,1970-12-23,2022-04-25,Finance,Senior Financial Analyst,113532,106-46-9140,55,50-59
880346808,USA,Martha Jordan,(498)600-6287x58637,lynngonzales@example.net,female,1982-04-19,2014-11-03,Engineering,Software Engineer,108549,020-12-2924,43,40-49
919990226,USA,Douglas Webb,314.579.4911x330,jamiebaker@example.com,male,1982-08-21,2019-11-29,Engineering,Software Engineer,99913,014-52-3428,43,40-49
533755155,USA,Daniel Young,758.502.3024,yblack@example.com,male,1992-08-22,2016-05-11,Sales,Sales Representative,92429,363-99-2221,33,30-39
279245228,USA,Julie Bell,579.983.2789x714,ybryant@example.net,female,1995-12-22,2018-12-17,Sales,Sales Representative,77966,043-11-3595,30,30-39
848651792,USA,Martin Craig,331-719-1777,lopezjohn@example.net,male,1968-12-16,2017-06-27,Customer Support,Support Representative,45400,494-49-7376,57,50-59
135824891,USA,Bobby Dixon,001-631-752-6934x134,keith78@example.net,male,1985-01-07,2011-01-04,Executive,SVP,375646,380-37-6491,40,40-49
695024527,USA,Jeff Cook,593.555.7816x0382,hollyescobar@example.org,male,1965-07-20,2016-10-24,Operations,Operations Analyst,76149,629-37-2024,60,60+
141078352,USA,Jennifer Johnson,317-349-9179x04949,urivera@example.com,female,1976-10-27,2024-05-08,Executive,VP,214208,734-48-3438,49,40-49
664634125,USA,Edward Rice,202-236-4013x6302,jennifer29@example.org,male,2002-10-27,2025-01-23,Engineering,VP Engineering,243108,004-99-9764,23,20-29
212011137,USA,David Jones,+1-806-516-3286x7739,kingcurtis@example.org,male,1995-11-08,2018-07-19,Finance,Financial Analyst,75535,689-74-3370,30,30-39
577283948,India,Jeremiah Prasad,848.802.6963x50004,williamsabigail@example.org,male,2001-06-20,2023-09-06,Operations,Operations Analyst,77000,486-82-8416,24,20-29
304238238,India,Advaith Goda,742-646-4128,jaimepowell@example.com,male,1999-01-29,2022-09-29,Engineering,Principal Engineer,182289,721-43-5610,26,20-29
535371662,India,Ladli Tandon,559.878.1492x994,brooke30@example.com,female,1985-11-16,2024-06-20,Operations,Operations Director,140910,549-56-2909,40,40-49
362798598,USA,Maria Brown,001-689-596-0305,yyoung@example.net,female,1997-09-13,2019-03-25,Engineering,Software Engineer,91864,539-49-7368,28,20-29
759787964,USA,Brittany Smith,410.881.0587,danielgillespie@example.org,female,1981-07-21,2016-05-01,Engineering,Principal Engineer,181318,388-86-4330,44,40-49
151492399,Canada,Patrick Carlson,(360)462-2375,rebekah30@example.net,male,1993-05-09,2016-05-05,Operations,Senior Operations Manager,140015,708-43-0155,32,30-39
673671448,USA,Bruce Hawkins,7204821834,lindsey36@example.org,male,1977-11-29,2015-10-19,Customer Support,Support Representative,43438,013-71-6897,48,40-49
227174482,USA,Jennifer Collins,+1-520-999-4599x85786,qking@example.org,female,1983-12-26,2011-01-09,Operations,Operations Director,174885,874-12-9170,42,40-49
235536465,India,Balvan Karpe,630.366.9914x3253,uhudson@example.org,male,1995-02-03,2015-04-15,Marketing,Marketing Specialist,58099,183-79-6858,30,30-39
202202698,USA,Robert Wilkerson,(232)470-9494x96962,moorelori@example.com,male,1984-10-21,2013-02-04,Customer Support,Support Representative,38035,229-76-6284,41,40-49
335154329,India,Tarak Vaidya,9578111619,oandrews@example.org,male,1985-03-20,2018-05-21,Sales,Senior Sales Representative,92460,026-39-4132,40,40-49
941599226,USA,Gregory Williams,6866360079,pward@example.net,nonbinary,1982-01-18,2020-03-07,Engineering,VP Engineering,258841,607-47-6651,43,40-49
439699535,USA,Tara Rodgers,413-649-0433x4070,kenneth31@example.net,female,1975-08-16,2019-05-29,Finance,Senior Financial Analyst,97089,109-43-9840,50,50-59
495928981,USA,Joyce Bates,961-405-2088x9000,davismatthew@example.net,female,2004-05-21,2024-12-14,Marketing,Marketing Manager,93813,684-44-4947,21,20-29
148183665,Canada,James Reed,(824)721-5206x557,victorharris@example.org,male,1984-01-28,2020-10-25,Marketing,Marketing Director,166945,518-85-1604,41,40-49
638798023,USA,Frank Allen,366-739-9588,carrie48@example.org,male,1970-08-18,2013-08-03,Engineering,Senior Software Engineer,179866,892-32-5697,55,50-59
996510519,India,Frado Batta,3805867219,patricia49@example.com,male,1976-07-30,2010-11-01,Sales,Senior Sales Representative,96364,655-92-8013,49,40-49
448571549,USA,Jennifer Phillips,001-770-562-9817x92646,hadams@example.net,female,1978-01-28,2018-02-20,Engineering,Software Engineer,109508,278-65-5883,47,40-49
479759538,USA,Gabrielle Lynch,5417252727,fosterjames@example.org,female,1973-01-17,2022-10-05,Engineering,Principal Engineer,211125,581-42-7978,52,50-59
261436089,India,Vanya Suresh,(432)334-2200x02184,davidcruz@example.com,female,1999-03-30,2023-11-21,Engineering,Engineering Manager,170834,013-27-6204,26,20-29
106061417,India,Triya Bir,552.844.5581x0684,bjones@example.net,female,1979-07-15,2019-05-30,Sales,Senior Sales Representative,101663,324-20-4758,46,40-49
690554938,India,Yashvi Pandya,+1-973-448-0311x277,mcmahonethan@example.com,female,1983-01-19,2015-10-02,Sales,Sales Manager,145531,812-66-6374,42,40-49
221984455,USA,Daniel Rodriguez,001-701-371-3861x641,burtonkatie@example.com,male,1967-10-04,2021-10-20,Finance,Financial Analyst,87083,856-99-8186,58,50-59
800935401,USA,Tina Smith,468-643-9774x441,qmorris@example.com,female,1989-10-02,2023-04-27,Sales,Sales Director,199200,697-96-6412,36,30-39
943758275,USA,Toni George,630.795.3697x24417,jessicasummers@example.org,female,2004-04-29,2024-07-08,Customer Support,Senior Support Representative,55628,756-12-3712,21,20-29
308136381,USA,Stacy Thompson,903.759.7413x6129,maria41@example.com,female,1990-11-15,2024-04-29,Sales,Sales Manager,134758,068-40-8309,35,30-39
972947639,India,Zarna Bhandari,612-409-1906x9163,sydney88@example.com,female,1992-01-09,2018-06-10,Sales,Sales Director,199526,055-42-4086,33,30-39
266221352,USA,Carlos Rodriguez,(578)736-6796,qramirez@example.com,male,1991-02-08,2012-03-04,Finance,Financial Analyst,66308,039-87-1603,34,30-39
213757100,USA,William Anderson,+1-286-254-6038x80426,murphyjoel@example.com,male,1976-10-15,2013-04-22,Sales,Sales Manager,110691,785-87-7939,49,40-49
664180363,USA,Kelly King,+1-587-818-5376x84187,millermelissa@example.com,female,1994-04-02,2025-06-04,Engineering,Software Engineer,106988,104-19-7972,31,30-39
118481810,India,Ojas D’Alia,(669)845-1680,fbrown@example.net,male,1979-03-07,2019-07-20,Engineering,Senior Software Engineer,152573,764-33-2829,46,40-49
160681634,Canada,Kayla Koch,(512)966-3461,valentinejason@example.org,female,1972-10-21,2017-03-06,Operations,Operations Director,182254,312-84-3205,53,50-59
566792435,USA,Brandon Young,6059377141,daniel21@example.com,male,1960-11-30,2014-05-01,Engineering,Senior Software Engineer,120777,716-88-5045,65,60+
988651295,USA,Jamie Bailey,660.622.3997x793,guy86@example.net,female,1981-11-22,2013-02-04,Marketing,Marketing Manager,93737,344-48-7349,44,40-49
440735257,USA,David Wallace,765.289.2246x198,dillonscott@example.net,male,1972-08-23,2024-08-03,Engineering,Engineering Manager,142749,613-40-3800,53,50-59
448443704,USA,Christy Harris,001-326-709-6387x406,wwoodard@example.net,female,1980-10-16,2015-08-21,Operations,Operations Manager,80987,794-76-1370,45,40-49
886576377,USA,Raymond Smith,+1-555-386-6954,ashley85@example.net,male,1979-10-22,2022-10-10,Human Resources,HR Director,132754,849-74-6202,46,40-49
538919097,China,建华 何,7332707936,steven41@example.net,male,1996-05-27,2019-01-10,Engineering,Senior Software Engineer,121496,753-48-8707,29,20-29
404654428,USA,Kurt Johnson,+1-644-976-9539x86109,batesanthony@example.com,male,1986-05-28,2013-07-11,Finance,Financial Analyst,78638,789-37-1113,39,30-39
732275127,USA,Donna Mcgee,2427813334,marcusochoa@example.com,female,1995-07-16,2024-05-14,Engineering,Senior Software Engineer,158058,175-39-9318,30,30-39
948260570,USA,Phillip Mullen,+1-716-339-0744,rossvalenzuela@example.com,male,1975-05-07,2014-06-25,Sales,Sales Representative,72602,315-67-1467,50,50-59
651208305,USA,Kyle Adams,+1-762-581-8889x102,gloria75@example.com,male,1994-12-29,2018-11-21,Operations,Operations Director,149656,716-34-4768,31,30-39
136629671,USA,Christopher Allen,(723)484-9623,kevin29@example.com,male,1982-02-13,2021-07-11,Sales,Sales Representative,75586,311-83-8085,43,40-49
664804742,USA,David Howe,+1-803-554-3922,michael24@example.net,male,2004-06-19,2025-01-08,Engineering,Software Engineer,127407,475-76-8343,21,20-29
701896059,USA,Jacob Flores,244-341-7728x3920,kristin97@example.com,male,1981-01-05,2011-05-09,Operations,Operations Manager,102982,405-93-9652,44,40-49
296357164,USA,Mark Parker,684-515-8370,irodgers@example.net,male,1994-11-25,2021-07-15,Operations,Operations Analyst,76748,197-09-2328,31,30-39
706212352,USA,Stephanie Baker,262.708.2012,bernard18@example.org,female,1989-12-11,2010-04-05,Engineering,Principal Engineer,160607,654-41-9782,36,30-39
104412943,China,亮 韦,+1-467-565-3042x286,christopher00@example.com,male,1976-12-19,2023-03-05,Sales,Sales Representative,80380,598-43-8103,49,40-49
570406376,USA,Ricardo Clark,001-465-305-8728x29062,crystal27@example.com,male,1982-02-16,2020-07-04,Finance,Senior Financial Analyst,113919,051-16-5962,43,40-49
184446671,USA,Elizabeth Campos,001-631-388-5975x90038,mark77@example.org,female,1976-11-12,2018-09-01,Engineering,Senior Software Engineer,145936,132-95-3407,49,40-49
936378830,India,Daksh Kaul,+1-311-204-1830x928,danielle61@example.org,male,1965-09-18,2015-01-29,Sales,Sales Representative,66991,869-22-2478,60,60+
764201903,USA,Jacob Williams,(294)872-9138x574,eyoung@example.net,male,1992-03-30,2018-04-26,Customer Support,Support Manager,88608,485-07-1575,33,30-39
103673216,USA,Gregory Sanchez,(711)857-3656,jakegonzalez@example.org,male,1974-02-01,2017-02-09,Marketing,Marketing Specialist,73438,029-62-0285,51,50-59
657156434,USA,Larry Davidson,673.857.5079x2657,jennifer45@example.com,male,1976-06-16,2012-11-27,Sales,Sales Manager,140426,324-96-3074,49,40-49
678727283,India,Ethan Chanda,768-947-6241x3583,browningmichael@example.com,male,1980-06-13,2024-09-26,Engineering,Senior Software Engineer,166776,049-97-1354,45,40-49
926512485,USA,William Soto,793-201-6347,fnguyen@example.com,male,1984-03-14,2011-03-29,Finance,CFO,340823,573-70-3860,41,40-49
559891563,USA,Richard Anderson,(206)529-4104x05582,twhitaker@example.net,male,1988-09-25,2011-07-31,Engineering,Principal Engineer,171051,494-08-2104,37,30-39
128309105,South Korea,정웅 손,508-386-1482,qburns@example.net,male,1979-11-06,2021-10-13,Engineering,Senior Software Engineer,170523,273-80-8057,46,40-49
810529016,India,Geetika Shanker,956-805-8823,medinatrevor@example.net,female,1992-09-28,2023-04-20,Engineering,Software Engineer,114190,342-35-9603,33,30-39
911548967,USA,Jonathan Stanley,543.592.4581,christianrhodes@example.com,male,1985-12-30,2011-08-24,Marketing,Marketing Specialist,68764,734-21-7524,40,40-49
228785230,USA,Jason Moore,236.679.4919x6095,john38@example.org,male,1984-12-28,2021-03-20,Sales,Sales Representative,89124,627-27-1926,41,40-49
394042584,USA,Michael Robertson,5195566745,tdavis@example.com,male,2003-10-18,2024-06-02,Customer Support,Support Director,131892,512-76-3593,22,20-29
584783589,USA,Joseph Wagner,(755)357-3773,dhobbs@example.com,male,1973-11-04,2017-01-28,Engineering,Software Engineer,121350,551-33-8401,52,50-59
929517022,India,Logan Shetty,+1-643-636-8535x22641,tina33@example.com,male,1993-11-05,2023-03-23,Operations,Operations Analyst,73244,304-15-7557,32,30-39
328443009,Philippines,Robert Johnson,001-399-868-8162x11606,franklinmatthew@example.org,male,1978-02-26,2018-04-23,Operations,Senior Operations Manager,143348,114-87-7555,47,40-49
652694084,USA,Raymond Taylor,(689)870-6655,rachelwilliams@example.com,male,1981-09-01,2018-09-20,Engineering,Principal Engineer,219638,372-37-8107,44,40-49
178410847,USA,Walter Gordon,567.427.9302,ellisonjohn@example.net,male,2005-01-22,2025-05-27,Sales,Sales Director,173812,872-16-3612,20,20-29
806019487,China,淑华 李,267-987-5452x788,jennifer87@example.net,female,1978-06-12,2024-09-25,Human Resources,HR Specialist,55183,775-22-3441,47,40-49
379484009,Mexico,Verónica León,780.699.0624x6249,davidbrown@example.com,male,1992-10-23,2024-05-09,Engineering,Senior Software Engineer,166139,607-54-4536,33,30-39
335287540,India,Ekta Rao,251.837.0239,lsherman@example.net,female,1971-05-31,2022-07-19,Legal,Legal Assistant,59376,380-45-5720,54,50-59
159438642,USA,Matthew Atkins,001-853-438-4466x4616,smccormick@example.org,male,1964-12-10,2017-08-19,Engineering,Senior Software Engineer,121727,017-46-1080,61,60+
134086739,USA,Stephen Jones,001-204-736-1513x593,amy69@example.net,male,1985-04-22,2023-05-26,Finance,Finance Manager,108379,398-02-9988,40,40-49
968253265,USA,Alexandra Ross,(728)475-0352x89486,beltranwilliam@example.com,female,1985-02-06,2011-11-12,Engineering,Senior Software Engineer,171404,260-42-7811,40,40-49
207054287,China,琴 周,516-593-6793x431,kylebell@example.com,female,1975-06-18,2010-10-07,Engineering,Senior Software Engineer,161518,564-71-1831,50,50-59
498866784,USA,Christopher Johnson,+1-624-351-1899,sanchezphillip@example.com,male,1969-11-10,2023-04-14,Marketing,Marketing Manager,82100,613-73-4535,56,50-59
433279476,USA,Angela Hess,001-401-623-5409x81031,robertohumphrey@example.org,female,1975-11-19,2016-05-16,Operations,Operations Analyst,70762,049-62-1978,50,50-59
934930639,USA,Elizabeth Duncan,(566)846-2434,pattersonbradley@example.org,female,1983-01-17,2016-02-18,Finance,Senior Financial Analyst,103469,662-42-7596,42,40-49
501902658,China,宇 周,(530)482-3515x48563,robert30@example.org,male,1962-02-21,2024-12-23,Marketing,Marketing Specialist,60001,848-06-8760,63,60+
990626742,Mexico,Mariano Molina,797.703.9884x46659,jose27@example.com,male,1981-09-02,2014-09-28,Engineering,Software Engineer,135447,704-36-4674,44,40-49
312365395,USA,Jeffrey Johnson,001-596-223-7802,williamschristina@example.net,male,1985-03-04,2021-02-17,Operations,Operations Manager,109709,895-27-4307,40,40-49
582537877,India,Agastya Rana,(957)448-5674x43357,taylorcasey@example.net,male,1981-06-28,2023-04-19,Sales,Senior Sales Representative,103785,323-41-8181,44,40-49
523216102,USA,Jill Johnson,333-783-0004,andreawhitaker@example.com,nonbinary,1976-12-11,2021-07-04,Engineering,Software Engineer,130075,888-12-3991,49,40-49
567592441,China,淑华 周,626-904-9456x22427,jesse63@example.com,female,1961-07-29,2024-11-22,Engineering,Principal Engineer,179282,427-97-7392,64,60+
574619461,India,Nitesh Bhatia,797.903.5545,kallen@example.com,male,2002-01-10,2024-12-20,Engineering,Engineering Manager,179125,808-41-9726,23,20-29
772044133,USA,Melissa Davidson,4918196944,aguirresamuel@example.net,female,1987-06-04,2019-04-14,Operations,Operations Director,165036,490-44-8071,38,30-39
444842082,Mexico,Ana María Escobedo,262-239-8051x60975,hannahthomas@example.com,male,2003-05-10,2024-09-04,Customer Support,Support Representative,41527,440-03-1373,22,20-29
634323575,India,Isaiah Yohannan,8063910060,rblake@example.org,male,1976-05-06,2016-12-09,Customer Support,Senior Support Representative,66339,338-62-6282,49,40-49
211240259,USA,Danielle Ellis,860.514.1184,jwhite@example.org,female,1982-01-22,2020-11-02,Human Resources,Senior HR Manager,128253,548-04-9628,43,40-49
744866619,USA,Michael Calderon,347-659-8158,stevenpugh@example.org,male,1999-01-30,2019-08-03,Marketing,Marketing Manager,90381,819-74-9951,26,20-29
179929734,India,Hemang Dhawan,+1-435-605-2111,rossangela@example.net,male,1989-02-16,2024-01-19,Engineering,Software Engineer,106382,387-61-0985,36,30-39
636531772,USA,Melissa Rodriguez,001-522-256-2820x551,owilliams@example.net,female,1979-10-05,2015-12-06,Engineering,Software Engineer,124992,019-69-2382,46,40-49
694099781,USA,Robin Stewart,8442039753,thomas72@example.net,female,1997-04-10,2025-03-06,Engineering,Engineering Manager,145437,682-43-9783,28,20-29
393364102,USA,Jackson Sullivan,+1-768-596-3969x1947,laura59@example.com,male,1982-03-23,2016-07-29,Marketing,Senior Marketing Manager,108157,402-49-9431,43,40-49
643672548,India,Unnati Trivedi,+1-940-349-8091,william92@example.net,female,1987-06-06,2024-05-04,Marketing,Marketing Manager,79349,474-02-8470,38,30-39
694768704,India,Harish Aurora,(895)722-8448x0726,kathrynrobinson@example.com,male,1981-11-10,2024-09-14,Sales,Senior Sales Representative,95080,382-51-1140,44,40-49
232731028,Philippines,Douglas Santiago,(528)707-1479,andersonbriana@example.com,male,1964-02-25,2015-09-27,Engineering,VP Engineering,261066,423-74-8530,61,60+
728492896,India,Jeevika Naidu,+1-324-521-7217x4132,williamsmith@example.net,female,1980-01-30,2019-04-30,Customer Support,Support Representative,52283,504-45-0631,45,40-49
354193540,USA,Wendy Fowler,001-377-910-5168,chase52@example.org,female,1987-04-12,2019-03-04,Operations,Operations Manager,112376,450-23-2877,38,30-39
314939857,Mexico,Jesús Galarza,(674)532-1409,ybrooks@example.org,female,2002-10-22,2024-05-08,Customer Support,Support Representative,42018,408-72-3520,23,20-29
385400169,Taiwan,麗娟 黃,598-557-2787x2923,johnwilkinson@example.org,female,1985-01-31,2018-06-20,Human Resources,HR Specialist,53892,729-61-9509,40,40-49
831562261,Mexico,Inés Huerta,(506)811-1351,patricksanchez@example.org,female,1982-11-03,2010-06-24,Engineering,Software Engineer,118778,211-89-8019,43,40-49
174615426,Philippines,Kelly Thomas,286-231-9249x4321,zacharyjohnson@example.com,female,2003-01-17,2023-03-31,Sales,Sales Representative,85289,197-83-9828,22,20-29
612046054,Canada,Richard Carpenter,904.824.5752x6793,darrylmayer@example.org,male,1980-10-15,2012-02-22,Operations,VP Operations,192342,283-90-6719,45,40-49
283486349,USA,Mary Torres,+1-204-900-3929x66281,uhill@example.org,female,1972-09-27,2018-04-09,Engineering,Engineering Manager,199785,739-68-2305,53,50-59
775936026,USA,Sherri David,+1-859-797-6389,jacqueline07@example.org,female,1965-01-03,2012-08-02,Operations,Operations Analyst,66985,154-69-3645,60,60+
169527574,USA,Joshua Reid,+1-320-699-1957x9633,eric23@example.com,male,1981-12-24,2010-07-13,Engineering,Engineering Manager,162437,708-36-2295,44,40-49
961596686,USA,Mandy Cole,(818)727-4945x43790,danieljenkins@example.com,female,1976-02-25,2011-12-25,Marketing,Marketing Manager,96206,457-08-5297,49,40-49
497250289,USA,Joseph Garrison,534.925.4222x4972,derrickvasquez@example.org,male,1983-03-01,2020-10-28,Finance,Finance Manager,104514,416-90-3005,42,40-49
621209849,USA,Kyle Herring,001-757-540-3786x8297,aramsey@example.com,male,1984-01-07,2012-10-22,Executive,VP,228080,875-93-3926,41,40-49
798423334,India,Farhan Bahri,995.925.1170,isaac20@example.com,male,1983-07-15,2021-03-16,Engineering,Software Engineer,107700,325-78-9030,42,40-49
127298692,Canada,Anna Garcia,(537)252-6948x9312,colleenrodgers@example.org,female,1982-08-12,2020-10-11,Engineering,Software Engineer,119094,547-64-0835,43,40-49
487237904,India,Daksha Peri,325-643-1250x28548,bhale@example.org,female,1962-08-19,2019-02-28,Engineering,Software Engineer,131251,275-14-8071,63,60+
107679805,USA,Paula Freeman,349-911-9230,carrie50@example.net,female,1980-07-01,2020-12-19,Sales,Sales Director,195794,096-55-6527,45,40-49
426808977,India,Lipika Raj,564.683.9671,johnsonbarbara@example.org,female,1965-03-06,2024-02-25,Marketing,Marketing Manager,107284,280-13-6026,60,60+
830739665,India,Upasna Samra,877-433-4115x1281,vmarsh@example.com,female,1966-07-11,2015-05-01,Finance,Finance Director,186477,742-36-8773,59,50-59
180972534,India,Onveer Bal,+1-297-279-5639,jason80@example.org,male,2002-10-25,2023-12-07,Engineering,Senior Software Engineer,120632,134-60-6450,23,20-29
352027504,Canada,Joel Chapman,787.866.4436,kevinevans@example.com,male,1985-03-15,2014-11-30,Human Resources,HR Specialist,56862,514-50-2825,40,40-49
935082100,USA,Erica Smith,298-735-6052x157,iweeks@example.org,female,1981-10-10,2012-03-28,Engineering,Engineering Manager,170387,588-53-0400,44,40-49
741161999,USA,Brandon King,538-675-0539,yrichards@example.net,nonbinary,1961-06-28,2018-02-04,Customer Support,Support Representative,44506,644-83-0107,64,60+
559175471,China,宇 袁,001-302-408-3684x61374,bshannon@example.com,male,1982-11-09,2014-09-26,Engineering,Engineering Manager,164224,600-13-7365,43,40-49
504323699,Canada,Rebecca Mcgrath,288.813.2679x941,kristopher40@example.net,female,1991-03-01,2012-03-14,Human Resources,HR Specialist,63995,874-70-0864,34,30-39
549267758,India,Radha Thakur,297-889-1463x456,stephen84@example.net,female,1985-02-24,2017-05-09,Executive,VP,262685,670-06-6593,40,40-49
368197940,USA,Erika Taylor,702-391-0403,royriley@example.net,female,1983-01-13,2024-01-15,Sales,Sales Representative,74825,846-28-3204,42,40-49
873174285,India,Lekha Kakar,(557)857-9424x0323,lauren91@example.net,female,1996-03-31,2018-12-10,Engineering,Software Engineer,116635,149-66-7382,29,20-29
300764570,USA,Carrie Johnson,(658)928-1495x801,josephsantiago@example.com,female,1995-02-08,2022-12-02,Sales,Sales Representative,71389,171-71-0796,30,30-39
834779362,USA,Donald Ortega,(688)561-6211x106,marysmith@example.org,male,1978-05-04,2024-08-15,Sales,Sales Representative,75313,160-74-9285,47,40-49
438589714,India,Henry Sood,6649494597,michaelcollins@example.net,male,1972-06-11,2010-06-24,Engineering,Software Engineer,105080,472-11-9022,53,50-59
425591954,USA,Jeremy White,001-216-714-6772x70573,yrocha@example.org,male,1982-05-03,2011-08-01,Sales,Sales Representative,91104,663-06-0362,43,40-49
878907785,USA,Jane Patrick,(201)637-3297x8754,martinezjimmy@example.net,female,1977-07-29,2018-05-07,Engineering,Engineering Manager,172241,254-01-4691,48,40-49
661277051,USA,Alexander Taylor,(349)216-8538x79404,bill34@example.com,male,1983-10-12,2021-04-04,Engineering,Engineering Manager,146977,465-48-1508,42,40-49
682014641,USA,Tammy Henry,(980)645-3526x2149,matthewscody@example.com,female,1981-01-02,2012-05-29,Engineering,Engineering Manager,193910,190-94-9551,44,40-49
838785008,USA,Kellie Reese,001-345-798-5215x10090,hendrixwendy@example.com,female,1989-07-18,2012-08-08,Operations,Operations Manager,94848,517-85-6745,36,30-39
267618731,USA,Michael Wise,+1-311-673-9168x5923,glopez@example.com,male,1999-12-05,2025-04-19,Engineering,Software Engineer,99070,766-26-3834,26,20-29
175139840,USA,Robert Caldwell,+1-748-410-1183x7521,joshuabrock@example.net,male,1963-05-28,2021-05-13,Marketing,Marketing Manager,104796,790-47-3273,62,60+
948239575,USA,Candace Jennings,+1-579-990-6169x91110,tgreen@example.com,female,1961-05-28,2025-04-01,Sales,Sales Director,181186,886-06-6947,64,60+
886960612,USA,Adrian Fleming,7507765708,cynthia74@example.net,male,1978-05-31,2016-01-05,Customer Support,Support Director,103958,733-92-7398,47,40-49
914391910,India,Daksh Raman,226-701-3490,jenniferhubbard@example.org,male,1962-12-27,2014-01-12,Customer Support,Support Representative,48292,895-18-8815,63,60+
332075643,USA,Kelly Carter,+1-358-956-8862x08520,catherinehernandez@example.org,female,1981-03-09,2011-04-22,Marketing,Marketing Manager,97812,868-95-3271,44,40-49
383138961,USA,Angela Morgan,+1-563-670-0342x02800,benjamin13@example.com,female,1978-01-09,2017-08-04,Marketing,Marketing Manager,107691,487-35-5983,47,40-49
579527597,USA,Ashley Robles,001-684-384-6748x5781,bphillips@example.net,female,1970-04-13,2017-03-15,Sales,Sales Representative,70603,805-34-6233,55,50-59
657679799,USA,Aimee Jones,358.671.6601x737,collinsnicole@example.org,female,1976-05-07,2015-10-10,Operations,Operations Manager,96465,309-53-9710,49,40-49
896127318,India,Chatura Roy,969-447-0493x1416,alex49@example.net,male,1967-02-11,2011-03-04,Sales,Sales Director,216005,336-86-8694,58,50-59
834899763,USA,Charles Walters,760-812-5725x529,susanli@example.net,male,1977-11-04,2021-07-01,Legal,Legal Assistant,64187,045-85-4190,48,40-49
175732768,USA,Rick Ellis,621-947-0123,margaretmoss@example.org,male,1996-07-30,2018-10-25,Finance,Senior Financial Analyst,94831,109-90-6990,29,20-29
771378998,India,Hredhaan Dewan,5256830831,sara85@example.com,male,1999-08-20,2021-06-08,Sales,Sales Representative,63750,340-17-1809,26,20-29
174499298,India,Tristan Dayal,771.691.4163x1068,sandra87@example.net,male,1995-11-15,2021-11-12,Sales,Sales Representative,76107,383-55-7689,30,30-39
490459543,USA,Jack Martinez,+1-702-835-7702x531,stacy85@example.net,male,1960-07-09,2017-01-27,Finance,Finance Manager,125269,556-28-9047,65,60+
538937500,India,Hemangini Rama,(859)737-4040x192,mathisamanda@example.net,female,1969-05-27,2019-01-13,Operations,Operations Manager,108883,621-05-6436,56,50-59
216426335,India,Idika Shroff,389.634.6286,kathyscott@example.org,female,1996-08-06,2020-12-27,Marketing,Marketing Specialist,59714,038-09-4345,29,20-29
